scaffold,count,tox_rate
O=C1c2ccccc2C(=O)c2ccccc21,20,0.85
c1ccc(N=Nc2ccccc2)cc1,13,0.8461538461538461
C=C(c1ccccc1)c1ccccc1,5,0.8
O=c1cc(-c2ccccc2)oc2ccccc12,6,0.6666666666666666
C(=Cc1ccccc1)c1ccccc1,7,0.5714285714285714
c1ccc2c(c1)Cc1ccccc1-2,9,0.5555555555555556
c1c[nH+]c[nH]1,42,0.47619047619047616
c1ccc2scnc2c1,13,0.46153846153846156
O=C(Nc1ccccc1)c1ccccc1,11,0.45454545454545453
c1ccc2cc3ccccc3cc2c1,7,0.42857142857142855
